OBJ_ID,TYPE,HEIGHT
"1",building,31.000000000000000
"2",building,33.000000000000000
"3",building,42.000000000000000
"4",building,45.000000000000000
"5",building,58.000000000000000
"6",building,33.000000000000000
"7",building,33.000000000000000
"8",building,33.000000000000000
"9",building,29.000000000000000
"10",building,88.000000000000000
"11",building,3.000000000000000
"12",building,57.000000000000000
"13",building,48.000000000000000
"14",building,81.000000000000000
"15",building,68.000000000000000
"16",building,75.000000000000000
"17",building,45.000000000000000
"18",building,54.000000000000000
"19",building,58.000000000000000
"20",building,68.000000000000000
"21",building,10.000000000000000
"22",building,108.000000000000000
"23",building,58.000000000000000
"24",building,97.000000000000000
"25",building,56.000000000000000
"26",building,50.000000000000000
"27",building,27.000000000000000
"28",building,32.000000000000000
"29",building,32.000000000000000
"30",building,32.000000000000000
"31",building,29.000000000000000
"32",building,32.000000000000000
"33",building,3.000000000000000
"34",building,14.000000000000000
"35",building,26.000000000000000
"36",building,28.000000000000000
"37",building,28.000000000000000
"38",building,28.000000000000000
"39",building,14.000000000000000
"40",building,9.000000000000000
"41",building,8.000000000000000
"42",building,62.000000000000000
"43",building,57.000000000000000
"44",building,71.000000000000000
"45",building,66.000000000000000
"46",building,56.000000000000000
"47",building,56.000000000000000
"48",building,50.000000000000000
"49",building,50.000000000000000
"50",building,50.000000000000000
"51",building,50.000000000000000
"52",building,65.000000000000000
"53",building,22.000000000000000
"54",building,21.000000000000000
"55",building,21.000000000000000
"56",building,21.000000000000000
"57",building,31.000000000000000
"58",building,33.000000000000000
"59",building,4.000000000000000
"60",building,17.000000000000000
"61",building,19.000000000000000
"62",building,6.000000000000000
"63",building,29.000000000000000
"64",building,33.000000000000000
"65",building,33.000000000000000
"66",building,33.000000000000000
"67",building,7.000000000000000
"68",building,6.000000000000000
"69",building,15.000000000000000
"70",building,4.000000000000000
"71",building,23.000000000000000
"72",building,6.000000000000000
"73",building,6.000000000000000
"74",building,8.000000000000000
"75",building,3.000000000000000
"76",building,3.000000000000000
"77",building,6.000000000000000
"78",building,6.000000000000000
"79",building,12.000000000000000
"80",building,25.000000000000000
"81",building,28.000000000000000
"82",building,28.000000000000000
"83",building,10.000000000000000
"84",building,10.000000000000000
"85",building,10.000000000000000
"86",building,12.000000000000000
"87",building,7.000000000000000
"88",building,5.000000000000000
"89",building,15.000000000000000
"90",building,9.000000000000000
"91",building,6.000000000000000
"92",building,28.000000000000000
"93",building,29.000000000000000
"94",building,8.000000000000000
"95",building,112.000000000000000
"96",building,115.000000000000000
"97",building,115.000000000000000
"98",building,26.000000000000000
"99",building,22.000000000000000
"100",building,22.000000000000000
"101",building,65.000000000000000
"102",building,62.000000000000000
"103",building,60.000000000000000
"104",building,4.000000000000000
"105",building,48.000000000000000
"106",building,9.000000000000000
"107",building,112.000000000000000
"108",building,20.000000000000000
"109",building,35.000000000000000
"110",building,14.000000000000000
"111",building,16.000000000000000
"112",building,10.000000000000000
"113",building,30.000000000000000
"114",building,28.000000000000000
"115",building,29.000000000000000
"116",building,31.000000000000000
"117",building,20.000000000000000
"118",building,31.000000000000000
"119",building,35.000000000000000
"120",building,3.000000000000000
"121",building,14.000000000000000
"122",building,9.000000000000000
"123",building,9.000000000000000
"124",building,10.000000000000000
"125",building,4.000000000000000
"126",building,4.000000000000000
"127",building,5.000000000000000
"128",building,3.000000000000000
"129",building,3.000000000000000
"130",building,3.000000000000000
"131",building,3.000000000000000
"132",building,5.000000000000000
"133",building,19.000000000000000
"134",building,19.000000000000000
"135",building,28.000000000000000
"136",building,4.000000000000000
"137",building,3.000000000000000
"138",building,31.000000000000000
"139",building,4.000000000000000
"140",building,30.000000000000000
"141",building,32.000000000000000
"142",building,32.000000000000000
"143",building,30.000000000000000
"144",building,28.000000000000000
"145",building,30.000000000000000
"146",building,30.000000000000000
"147",building,30.000000000000000
"148",building,28.000000000000000
"149",building,27.000000000000000
"150",building,3.000000000000000
"151",building,3.000000000000000
"152",building,24.000000000000000
"153",building,22.000000000000000
"154",building,23.000000000000000
"155",building,4.000000000000000
"156",building,31.000000000000000
"157",building,29.000000000000000
"158",building,31.000000000000000
"159",building,31.000000000000000
"160",building,31.000000000000000
"161",building,31.000000000000000
"162",building,3.000000000000000
"163",building,5.000000000000000
"164",building,21.000000000000000
"165",building,17.000000000000000
"166",building,23.000000000000000
"167",building,16.000000000000000
"168",building,14.000000000000000
"169",building,14.000000000000000
"170",building,4.000000000000000
"171",building,4.000000000000000
"172",building,13.000000000000000
"173",building,21.000000000000000
"174",building,15.000000000000000
"175",building,10.000000000000000
"176",building,15.000000000000000
"177",building,6.000000000000000
"178",building,7.000000000000000
"179",building,13.000000000000000
"180",building,16.000000000000000
"181",building,6.000000000000000
"182",building,31.000000000000000
"183",building,4.000000000000000
"184",building,14.000000000000000
"185",building,8.000000000000000
"186",building,3.000000000000000
"187",building,3.000000000000000
"188",building,7.000000000000000
"189",building,5.000000000000000
"190",building,3.000000000000000
"191",building,6.000000000000000
"192",building,11.000000000000000
"193",building,4.000000000000000
"194",building,5.000000000000000
"195",building,3.000000000000000
"196",building,3.000000000000000
"197",building,3.000000000000000
"198",building,3.000000000000000
"199",building,5.000000000000000
"200",building,3.000000000000000
"201",building,39.000000000000000
"202",building,32.000000000000000
"203",building,20.000000000000000
"204",building,24.000000000000000
"205",building,18.000000000000000
"206",building,35.000000000000000
"207",building,35.000000000000000
"208",building,35.000000000000000
"209",building,59.000000000000000
"210",building,16.000000000000000
"211",building,11.000000000000000
"212",building,6.000000000000000
"213",building,6.000000000000000
"214",building,37.000000000000000
"215",building,88.000000000000000
"216",building,8.000000000000000
"217",building,6.000000000000000
"218",building,88.000000000000000
"219",building,84.000000000000000
"220",building,81.000000000000000
"221",building,10.000000000000000
"222",building,14.000000000000000
"223",building,10.000000000000000
"224",building,21.000000000000000
"225",building,10.000000000000000
"226",building,7.000000000000000
"227",building,13.000000000000000
"228",building,13.000000000000000
"229",building,16.000000000000000
"230",building,19.000000000000000
"231",building,19.000000000000000
"232",building,7.000000000000000
"233",building,27.000000000000000
"234",building,5.000000000000000
"235",building,27.000000000000000
"236",building,8.000000000000000
"237",building,10.000000000000000
"238",building,3.000000000000000
"239",building,13.000000000000000
"240",building,7.000000000000000
"241",building,5.000000000000000
"242",building,16.000000000000000
"243",building,19.000000000000000
"244",building,5.000000000000000
"245",building,23.000000000000000
"246",building,5.000000000000000
"247",building,6.000000000000000
"248",building,3.000000000000000
"249",building,3.000000000000000
"250",building,13.000000000000000
"251",building,5.000000000000000
"252",building,10.000000000000000
"253",building,76.000000000000000
"254",building,61.000000000000000
"255",building,3.000000000000000
"256",building,3.000000000000000
"257",building,3.000000000000000
"258",building,3.000000000000000
"259",building,3.000000000000000
"260",building,4.000000000000000
"261",building,17.000000000000000
"262",building,20.000000000000000
"263",building,26.000000000000000
"264",building,17.000000000000000
"265",building,25.000000000000000
"266",building,23.000000000000000
"267",building,21.000000000000000
"268",building,7.000000000000000
"269",building,5.000000000000000
"270",building,20.000000000000000
"271",building,34.000000000000000
"272",building,23.000000000000000
"273",building,5.000000000000000
"274",building,10.000000000000000
"275",building,4.000000000000000
"276",building,6.000000000000000
"277",building,3.000000000000000
"278",building,7.000000000000000
"279",building,20.000000000000000
"280",building,9.000000000000000
"281",building,3.000000000000000
"282",building,22.000000000000000
"283",building,17.000000000000000
"284",building,16.000000000000000
"285",building,14.000000000000000
"286",building,8.000000000000000
"287",building,20.000000000000000
"288",building,17.000000000000000
"289",building,6.000000000000000
"290",building,10.000000000000000
"291",building,11.000000000000000
"292",building,3.000000000000000
"293",building,7.000000000000000
"294",building,3.000000000000000
"295",building,7.000000000000000
"296",building,3.000000000000000
"297",building,3.000000000000000
"298",building,3.000000000000000
"299",building,3.000000000000000
"300",building,15.000000000000000
"301",building,10.000000000000000
"302",building,3.000000000000000
"303",building,3.000000000000000
"304",building,23.000000000000000
"305",building,3.000000000000000
"306",building,28.000000000000000
"307",building,42.000000000000000
"308",building,31.000000000000000
"309",building,15.000000000000000
"310",building,27.000000000000000
"311",building,4.000000000000000
"312",building,5.000000000000000
"313",building,3.000000000000000
"314",building,10.000000000000000
"315",building,3.000000000000000
"316",building,3.000000000000000
"317",building,4.000000000000000
"318",building,6.000000000000000
"319",building,3.000000000000000
"320",building,4.000000000000000
"321",building,3.000000000000000
"322",building,21.000000000000000
"323",building,17.000000000000000
"324",building,14.000000000000000
"325",building,13.000000000000000
"326",building,17.000000000000000
"327",building,17.000000000000000
"328",building,14.000000000000000
"329",building,3.000000000000000
"330",building,37.000000000000000
"331",building,22.000000000000000
"332",building,23.000000000000000
"333",building,18.000000000000000
"334",building,16.000000000000000
"335",building,18.000000000000000
"336",building,14.000000000000000
"337",building,6.000000000000000
"338",building,21.000000000000000
"339",building,4.000000000000000
"340",building,5.000000000000000
"341",building,5.000000000000000
"342",building,20.000000000000000
"343",building,4.000000000000000
"344",building,16.000000000000000
"345",building,20.000000000000000
"346",building,15.000000000000000
"347",building,18.000000000000000
"348",building,3.000000000000000
"349",building,5.000000000000000
"350",building,3.000000000000000
"351",building,28.000000000000000
"352",building,3.000000000000000
"353",building,3.000000000000000
"354",building,9.000000000000000
"355",building,3.000000000000000
"356",building,27.000000000000000
"357",building,29.000000000000000
"358",building,18.000000000000000
"359",building,22.000000000000000
"360",building,3.000000000000000
"361",building,8.000000000000000
"362",building,25.000000000000000
"363",building,15.000000000000000
"364",building,41.000000000000000
"365",building,44.000000000000000
"366",building,10.000000000000000
"367",building,13.000000000000000
"368",building,107.000000000000000
"369",building,98.000000000000000
"370",building,91.000000000000000
"371",building,86.000000000000000
"372",building,23.000000000000000
"373",building,41.000000000000000
"374",building,45.000000000000000
"375",building,19.000000000000000
"376",building,20.000000000000000
"377",building,15.000000000000000
"378",building,5.000000000000000
"379",building,9.000000000000000
"380",building,5.000000000000000
"381",building,63.000000000000000
"382",building,53.000000000000000
"383",building,50.000000000000000
"384",building,3.000000000000000
"385",building,48.000000000000000
"386",building,55.000000000000000
"387",building,20.000000000000000
"388",building,9.000000000000000
"389",building,5.000000000000000
"390",building,18.000000000000000
"391",building,39.000000000000000
"392",building,23.000000000000000
"393",building,19.000000000000000
"394",building,5.000000000000000
"395",building,32.000000000000000
"396",building,17.000000000000000
"397",building,34.000000000000000
"398",building,11.000000000000000
"399",building,16.000000000000000
"400",building,15.000000000000000
"401",building,17.000000000000000
"402",building,15.000000000000000
"403",building,39.000000000000000
"404",building,34.000000000000000
"405",building,34.000000000000000
"406",building,30.000000000000000
"407",building,24.000000000000000
"408",building,22.000000000000000
"409",building,28.000000000000000
"410",building,11.000000000000000
"411",building,4.000000000000000
"412",building,5.000000000000000
"413",building,21.000000000000000
"414",building,30.000000000000000
"415",building,34.000000000000000
"416",building,33.000000000000000
"417",building,16.000000000000000
"418",building,13.000000000000000
"419",building,51.000000000000000
"420",building,47.000000000000000
"421",building,20.000000000000000
"422",building,11.000000000000000
"423",building,10.000000000000000
"424",building,25.000000000000000
"425",building,38.000000000000000
"426",building,31.000000000000000
"427",building,5.000000000000000
"428",building,5.000000000000000
"429",building,31.000000000000000
"430",building,21.000000000000000
"431",building,24.000000000000000
"432",building,12.000000000000000
"433",building,36.000000000000000
"434",building,23.000000000000000
"435",building,21.000000000000000
"436",building,18.000000000000000
"437",building,23.000000000000000
"438",building,4.000000000000000
"439",building,8.000000000000000
"440",building,41.000000000000000
"441",building,44.000000000000000
"442",building,8.000000000000000
"443",building,17.000000000000000
"444",building,15.000000000000000
"445",building,15.000000000000000
"446",building,16.000000000000000
"447",building,4.000000000000000
"448",building,5.000000000000000
"449",building,11.000000000000000
"450",building,15.000000000000000
"451",building,33.000000000000000
"452",building,31.000000000000000
"453",building,7.000000000000000
"454",building,20.000000000000000
"455",building,15.000000000000000
"456",building,16.000000000000000
"457",building,13.000000000000000
"458",building,24.000000000000000
"459",building,18.000000000000000
"460",building,22.000000000000000
"461",building,13.000000000000000
"462",building,15.000000000000000
"463",building,9.000000000000000
"464",building,5.000000000000000
"465",building,19.000000000000000
"466",building,28.000000000000000
"467",building,8.000000000000000
"468",building,5.000000000000000
"469",building,8.000000000000000
"470",building,3.000000000000000
"471",building,3.000000000000000
"472",building,3.000000000000000
"473",building,9.000000000000000
"474",building,12.000000000000000
"475",building,12.000000000000000
"476",building,12.000000000000000
"477",building,33.000000000000000
"478",building,10.000000000000000
"479",building,8.000000000000000
"480",building,12.000000000000000
"481",building,16.000000000000000
"482",building,18.000000000000000
"483",building,27.000000000000000
"484",building,29.000000000000000
"485",building,30.000000000000000
"486",building,30.000000000000000
"487",building,33.000000000000000
"488",building,22.000000000000000
"489",building,18.000000000000000
"490",building,30.000000000000000
"491",building,16.000000000000000
"492",building,27.000000000000000
"493",building,15.000000000000000
"494",building,11.000000000000000
"495",building,14.000000000000000
"496",building,13.000000000000000
"497",building,13.000000000000000
"498",building,16.000000000000000
"499",building,5.000000000000000
"500",building,5.000000000000000
"501",building,13.000000000000000
"502",building,11.000000000000000
"503",building,30.000000000000000
"504",building,20.000000000000000
"505",building,18.000000000000000
"506",building,3.000000000000000
"507",building,3.000000000000000
"508",building,3.000000000000000
"509",building,3.000000000000000
"510",building,20.000000000000000
"511",building,10.000000000000000
"512",building,19.000000000000000
"513",building,7.000000000000000
"514",building,4.000000000000000
"515",building,3.000000000000000
"516",building,20.000000000000000
"517",building,9.000000000000000
"518",building,10.000000000000000
"519",building,11.000000000000000
"520",building,5.000000000000000
"521",building,7.000000000000000
"522",building,31.000000000000000
"523",building,9.000000000000000
"524",building,20.000000000000000
"525",building,24.000000000000000
"526",building,33.000000000000000
"527",building,28.000000000000000
"528",building,17.000000000000000
"529",building,6.000000000000000
"530",building,32.000000000000000
"531",building,8.000000000000000
"532",building,3.000000000000000
"533",building,5.000000000000000
"534",building,5.000000000000000
"535",building,8.000000000000000
"536",building,24.000000000000000
"537",building,23.000000000000000
"538",building,23.000000000000000
"539",building,4.000000000000000
"540",building,6.000000000000000
"541",building,5.000000000000000
"542",building,4.000000000000000
"543",building,4.000000000000000
"544",building,7.000000000000000
"545",building,3.000000000000000
"546",building,7.000000000000000
"547",building,5.000000000000000
"548",building,22.000000000000000
"549",building,23.000000000000000
"550",building,14.000000000000000
"551",building,11.000000000000000
"552",building,5.000000000000000
"553",building,3.000000000000000
"554",building,4.000000000000000
"555",building,19.000000000000000
"556",building,36.000000000000000
"557",building,22.000000000000000
"558",building,22.000000000000000
"559",building,16.000000000000000
"560",building,12.000000000000000
"561",building,5.000000000000000
"562",building,20.000000000000000
"563",building,12.000000000000000
"564",building,21.000000000000000
"565",building,20.000000000000000
"566",building,22.000000000000000
"567",building,24.000000000000000
"568",building,20.000000000000000
"569",building,23.000000000000000
"570",building,31.000000000000000
"571",building,10.000000000000000
"572",building,7.000000000000000
"573",building,12.000000000000000
"574",building,6.000000000000000
"575",building,7.000000000000000
"576",building,15.000000000000000
"577",building,9.000000000000000
"578",building,18.000000000000000
"579",building,58.000000000000000
"580",building,13.000000000000000
"581",building,11.000000000000000
"582",building,8.000000000000000
"583",building,5.000000000000000
"584",building,9.000000000000000
"585",building,10.000000000000000
"586",building,11.000000000000000
"587",building,8.000000000000000
"588",building,5.000000000000000
"589",building,5.000000000000000
"590",building,32.000000000000000
"591",building,15.000000000000000
"592",building,21.000000000000000
"593",building,45.000000000000000
"594",building,30.000000000000000
"595",building,32.000000000000000
"596",building,32.000000000000000
"597",building,42.000000000000000
"598",building,30.000000000000000
"599",building,34.000000000000000
"600",building,16.000000000000000
"601",building,13.000000000000000
"602",building,19.000000000000000
"603",building,38.000000000000000
"604",building,37.000000000000000
"605",building,34.000000000000000
"606",building,36.000000000000000
"607",building,6.000000000000000
"608",building,13.000000000000000
"609",building,22.000000000000000
"610",building,23.000000000000000
"611",building,27.000000000000000
"612",building,31.000000000000000
"613",building,12.000000000000000
"614",building,25.000000000000000
"615",building,23.000000000000000
"616",building,3.000000000000000
"617",building,25.000000000000000
"618",building,3.000000000000000
"619",building,3.000000000000000
"620",building,20.000000000000000
"621",building,6.000000000000000
"622",building,18.000000000000000
"623",building,24.000000000000000
"624",building,21.000000000000000
"625",building,10.000000000000000
"626",building,3.000000000000000
"627",building,3.000000000000000
"628",building,20.000000000000000
"629",building,16.000000000000000
"630",building,20.000000000000000
"631",building,22.000000000000000
"632",building,22.000000000000000
"633",building,24.000000000000000
"634",building,18.000000000000000
"635",building,34.000000000000000
"636",building,34.000000000000000
"637",building,37.000000000000000
"638",building,37.000000000000000
"639",building,35.000000000000000
"640",building,32.000000000000000
"641",building,29.000000000000000
"642",building,24.000000000000000
"643",building,26.000000000000000
"644",building,17.000000000000000
"645",building,40.000000000000000
"646",building,40.000000000000000
"647",building,31.000000000000000
"648",building,20.000000000000000
"649",building,25.000000000000000
"650",building,13.000000000000000
"651",building,17.000000000000000
"652",building,17.000000000000000
"653",building,10.000000000000000
"654",building,21.000000000000000
"655",building,35.000000000000000
"656",building,18.000000000000000
"657",building,24.000000000000000
"658",building,26.000000000000000
"659",building,24.000000000000000
"660",building,26.000000000000000
"661",building,28.000000000000000
"662",building,20.000000000000000
"663",building,18.000000000000000
"664",building,29.000000000000000
"665",building,29.000000000000000
"666",building,31.000000000000000
"667",building,34.000000000000000
"668",building,34.000000000000000
"669",building,32.000000000000000
"670",building,31.000000000000000
"671",building,31.000000000000000
"672",building,24.000000000000000
"673",building,22.000000000000000
"674",building,25.000000000000000
"675",building,35.000000000000000
"676",building,36.000000000000000
"677",building,7.000000000000000
"678",building,11.000000000000000
"679",building,13.000000000000000
"680",building,13.000000000000000
"681",building,13.000000000000000
"682",building,8.000000000000000
"683",building,9.000000000000000
"684",building,7.000000000000000
"685",building,15.000000000000000
"686",building,7.000000000000000
"687",building,3.000000000000000
"688",building,4.000000000000000
"689",building,11.000000000000000
"690",building,5.000000000000000
"691",building,4.000000000000000
"692",building,6.000000000000000
"693",building,17.000000000000000
"694",building,4.000000000000000
"695",building,3.000000000000000
"696",building,6.000000000000000
"697",building,4.000000000000000
"698",building,4.000000000000000
"699",building,8.000000000000000
"700",building,3.000000000000000
"701",building,3.000000000000000
"702",building,6.000000000000000
"703",building,3.000000000000000
"704",building,5.000000000000000
"705",building,11.000000000000000
"706",building,3.000000000000000
"707",building,5.000000000000000
"708",building,4.000000000000000
"709",building,5.000000000000000
"710",building,3.000000000000000
"711",building,4.000000000000000
"712",building,6.000000000000000
"713",building,5.000000000000000
"714",building,3.000000000000000
"715",building,7.000000000000000
"716",building,5.000000000000000
"717",building,5.000000000000000
"718",building,4.000000000000000
"719",building,8.000000000000000
"720",building,13.000000000000000
"721",building,7.000000000000000
"722",building,6.000000000000000
"723",building,6.000000000000000
"724",building,3.000000000000000
"725",building,3.000000000000000
"726",building,11.000000000000000
"727",building,3.000000000000000
"728",building,3.000000000000000
"729",building,7.000000000000000
"730",building,6.000000000000000
"731",building,8.000000000000000
"732",building,3.000000000000000
"733",building,3.000000000000000
"734",building,3.000000000000000
"735",building,3.000000000000000
"736",building,24.000000000000000
"737",building,3.000000000000000
"738",building,18.000000000000000
"739",building,46.000000000000000
"740",building,40.000000000000000
"741",building,37.000000000000000
"742",building,33.000000000000000
"743",building,29.000000000000000
"744",building,10.000000000000000
"745",building,8.000000000000000
"746",building,15.000000000000000
"747",building,24.000000000000000
"748",building,6.000000000000000
"749",building,3.000000000000000
"750",building,3.000000000000000
"751",building,24.000000000000000
"752",building,20.000000000000000
"753",building,20.000000000000000
"754",building,17.000000000000000
"755",building,21.000000000000000
"756",building,12.000000000000000
"757",building,25.000000000000000
"758",building,40.000000000000000
"759",building,36.000000000000000
"760",building,22.000000000000000
"761",building,3.000000000000000
"762",building,22.000000000000000
"763",building,7.000000000000000
"764",building,16.000000000000000
"765",building,17.000000000000000
"766",building,8.000000000000000
"767",building,9.000000000000000
"768",building,9.000000000000000
"769",building,6.000000000000000
"770",building,15.000000000000000
"771",building,19.000000000000000
"772",building,15.000000000000000
"773",building,8.000000000000000
"774",building,3.000000000000000
"775",building,7.000000000000000
"776",building,3.000000000000000
"777",building,3.000000000000000
"778",building,3.000000000000000
"779",building,5.000000000000000
"780",building,8.000000000000000
"781",building,12.000000000000000
"782",building,16.000000000000000
"783",building,16.000000000000000
"784",building,8.000000000000000
"785",building,4.000000000000000
"786",building,5.000000000000000
"787",building,13.000000000000000
"788",building,3.000000000000000
"789",building,9.000000000000000
"790",building,3.000000000000000
"791",building,4.000000000000000
"792",building,5.000000000000000
"793",building,24.000000000000000
"794",building,3.000000000000000
"795",building,10.000000000000000
"796",building,75.000000000000000
"797",building,60.000000000000000
"798",building,15.000000000000000
"799",building,60.000000000000000
"800",building,15.000000000000000
"801",building,70.000000000000000
"802",building,70.000000000000000
"803",building,3.000000000000000
"804",building,15.000000000000000
"805",building,12.000000000000000
"806",building,4.000000000000000
"807",building,4.000000000000000
"808",building,37.000000000000000
"809",building,37.000000000000000
"810",building,31.000000000000000
"811",building,20.000000000000000
"812",building,11.000000000000000
"813",building,4.000000000000000
"814",building,3.000000000000000
"815",building,23.000000000000000
"816",building,24.000000000000000
"817",building,4.000000000000000
"818",building,4.000000000000000
"819",building,4.000000000000000
"820",building,30.000000000000000
"821",building,18.000000000000000
"822",building,16.000000000000000
"823",building,31.000000000000000
"824",building,40.000000000000000
"825",building,32.000000000000000
"826",building,32.000000000000000
"827",building,16.000000000000000
"828",building,10.000000000000000
"829",building,8.000000000000000
"830",building,7.000000000000000
"831",building,3.000000000000000
"832",building,10.000000000000000
"833",building,10.000000000000000
"834",building,18.000000000000000
"835",building,18.000000000000000
"836",building,16.000000000000000
"837",building,11.000000000000000
"838",building,62.000000000000000
"839",building,69.000000000000000
"840",building,69.000000000000000
"841",building,62.000000000000000
"842",building,6.000000000000000
"843",building,13.000000000000000
"844",building,21.000000000000000
"845",building,27.000000000000000
"846",building,11.000000000000000
"847",building,6.000000000000000
"848",building,6.000000000000000
"849",building,6.000000000000000
"850",building,19.000000000000000
"851",building,31.000000000000000
"852",building,33.000000000000000
"853",building,25.000000000000000
"854",building,18.000000000000000
"855",building,15.000000000000000
"856",building,20.000000000000000
"857",building,19.000000000000000
"858",building,6.000000000000000
"859",building,30.000000000000000
"860",building,28.000000000000000
"861",building,30.000000000000000
"862",building,29.000000000000000
"863",building,12.000000000000000
"864",building,12.000000000000000
"865",building,30.000000000000000
"866",building,29.000000000000000
"867",building,30.000000000000000
"868",building,30.000000000000000
"869",building,9.000000000000000
"870",building,10.000000000000000
"871",building,20.000000000000000
"872",building,22.000000000000000
"873",building,16.000000000000000
"874",building,26.000000000000000
"875",building,10.000000000000000
"876",building,5.000000000000000
"877",building,18.000000000000000
"878",building,15.000000000000000
"879",building,5.000000000000000
"880",building,3.000000000000000
"881",building,4.000000000000000
"882",building,6.000000000000000
"883",building,20.000000000000000
"884",building,16.000000000000000
"885",building,13.000000000000000
"886",building,11.000000000000000
"887",building,12.000000000000000
"888",building,43.000000000000000
"889",building,46.000000000000000
"890",building,4.000000000000000
"891",building,19.000000000000000
"892",building,39.000000000000000
"893",building,36.000000000000000
"894",building,23.000000000000000
"895",building,12.000000000000000
"896",building,30.000000000000000
"897",building,21.000000000000000
"898",building,27.000000000000000
"899",building,29.000000000000000
"900",building,36.000000000000000
"901",building,24.000000000000000
"902",building,5.000000000000000
"903",building,52.000000000000000
"904",building,47.000000000000000
"905",building,53.000000000000000
"906",building,62.000000000000000
"907",building,64.000000000000000
"908",building,24.000000000000000
"909",building,21.000000000000000
"910",building,24.000000000000000
"911",building,19.000000000000000
"912",building,26.000000000000000
"913",building,22.000000000000000
"914",building,20.000000000000000
"915",building,10.000000000000000
"916",building,27.000000000000000
"917",building,20.000000000000000
"918",building,5.000000000000000
"919",building,23.000000000000000
"920",building,28.000000000000000
"921",building,27.000000000000000
"922",building,25.000000000000000
"923",building,41.000000000000000
"924",building,78.000000000000000
"925",building,63.000000000000000
"926",building,29.000000000000000
"927",building,36.000000000000000
"928",building,45.000000000000000
"929",building,40.000000000000000
"930",building,36.000000000000000
"931",building,45.000000000000000
"932",building,36.000000000000000
"933",building,7.000000000000000
"934",building,20.000000000000000
"935",building,26.000000000000000
"936",building,24.000000000000000
"937",building,24.000000000000000
"938",building,22.000000000000000
"939",building,30.000000000000000
"940",building,5.000000000000000
"941",building,29.000000000000000
"942",building,15.000000000000000
"943",building,19.000000000000000
"944",building,5.000000000000000
"945",building,30.000000000000000
"946",building,32.000000000000000
"947",building,32.000000000000000
"948",building,32.000000000000000
"949",building,32.000000000000000
"950",building,32.000000000000000
"951",building,5.000000000000000
"952",building,5.000000000000000
"953",building,10.000000000000000
"954",building,4.000000000000000
"955",building,26.000000000000000
"956",building,23.000000000000000
"957",building,6.000000000000000
"958",building,56.000000000000000
"959",building,54.000000000000000
"960",building,27.000000000000000
"961",building,33.000000000000000
"962",building,27.000000000000000
"963",building,22.000000000000000
"964",building,34.000000000000000
"965",building,28.000000000000000
"966",building,30.000000000000000
"967",building,21.000000000000000
"968",building,21.000000000000000
"969",building,24.000000000000000
"970",building,17.000000000000000
"971",building,18.000000000000000
"972",building,49.000000000000000
"973",building,27.000000000000000
"974",building,23.000000000000000
"975",building,14.000000000000000
"976",building,25.000000000000000
"977",building,7.000000000000000
"978",building,3.000000000000000
"979",building,3.000000000000000
"980",building,3.000000000000000
"981",building,3.000000000000000
"982",building,85.000000000000000
"983",building,98.000000000000000
"984",building,89.000000000000000
"985",building,19.000000000000000
"986",building,11.000000000000000
"987",building,13.000000000000000
"988",building,39.000000000000000
"989",building,35.000000000000000
"990",building,24.000000000000000
"991",building,29.000000000000000
"992",building,24.000000000000000
"993",building,13.000000000000000
"994",building,37.000000000000000
"995",building,39.000000000000000
"996",building,38.000000000000000
"997",building,30.000000000000000
"998",building,35.000000000000000
"999",building,18.000000000000000
"1000",building,13.000000000000000
"1001",building,13.000000000000000
"1002",building,22.000000000000000
"1003",building,13.000000000000000
"1004",building,26.000000000000000
"1005",building,12.000000000000000
"1006",building,5.000000000000000
"1007",building,35.000000000000000
"1008",building,53.000000000000000
"1009",building,44.000000000000000
"1010",building,39.000000000000000
"1011",building,28.000000000000000
"1012",building,31.000000000000000
"1013",building,37.000000000000000
"1014",building,26.000000000000000
"1015",building,3.000000000000000
"1016",building,46.000000000000000
"1017",building,22.000000000000000
"1018",building,25.000000000000000
"1019",building,29.000000000000000
"1020",building,25.000000000000000
"1021",building,5.000000000000000
"1022",building,10.000000000000000
"1023",building,40.000000000000000
"1024",building,20.000000000000000
"1025",building,14.000000000000000
"1026",building,18.000000000000000
"1027",building,17.000000000000000
"1028",building,26.000000000000000
"1029",building,20.000000000000000
"1030",building,21.000000000000000
"1031",building,24.000000000000000
"1032",building,20.000000000000000
"1033",building,26.000000000000000
"1034",building,19.000000000000000
"1035",building,3.000000000000000
"1036",building,6.000000000000000
"1037",building,17.000000000000000
"1038",building,3.000000000000000
"1039",building,3.000000000000000
"1040",building,3.000000000000000
"1041",building,19.000000000000000
"1042",building,19.000000000000000
"1043",building,3.000000000000000
"1044",building,4.000000000000000
"1045",building,4.000000000000000
"1046",building,22.000000000000000
"1047",building,20.000000000000000
"1048",building,20.000000000000000
"1049",building,3.000000000000000
"1050",building,3.000000000000000
"1051",building,3.000000000000000
"1052",building,7.000000000000000
"1053",building,9.000000000000000
"1054",building,9.000000000000000
"1055",building,3.000000000000000
"1056",building,3.000000000000000
"1057",building,3.000000000000000
"1058",building,3.000000000000000
"1059",building,3.000000000000000
"1060",building,18.000000000000000
"1061",building,6.000000000000000
"1062",building,3.000000000000000
"1063",building,3.000000000000000
"1064",building,26.000000000000000
"1065",building,37.000000000000000
"1066",building,21.000000000000000
"1067",building,24.000000000000000
"1068",building,36.000000000000000
"1069",building,31.000000000000000
"1070",building,32.000000000000000
"1071",building,34.000000000000000
"1072",building,20.000000000000000
"1073",building,18.000000000000000
"1074",building,39.000000000000000
"1075",building,46.000000000000000
"1076",building,44.000000000000000
"1077",building,20.000000000000000
"1078",building,3.000000000000000
"1079",building,4.000000000000000
"1080",building,12.000000000000000
"1081",building,28.000000000000000
"1082",building,14.000000000000000
"1083",building,19.000000000000000
"1084",building,34.000000000000000
"1085",building,16.000000000000000
"1086",building,11.000000000000000
"1087",building,19.000000000000000
"1088",building,25.000000000000000
"1089",building,41.000000000000000
"1090",building,25.000000000000000
"1091",building,5.000000000000000
"1092",building,5.000000000000000
"1093",building,8.000000000000000
"1094",building,20.000000000000000
"1095",building,20.000000000000000
"1096",building,29.000000000000000
"1097",building,33.000000000000000
"1098",building,32.000000000000000
"1099",building,21.000000000000000
"1100",building,12.000000000000000
"1101",building,30.000000000000000
"1102",building,22.000000000000000
"1103",building,26.000000000000000
"1104",building,30.000000000000000
"1105",building,27.000000000000000
"1106",building,30.000000000000000
"1107",building,31.000000000000000
"1108",building,3.000000000000000
"1109",building,27.000000000000000
"1110",building,27.000000000000000
"1111",building,29.000000000000000
"1112",building,29.000000000000000
"1113",building,33.000000000000000
"1114",building,5.000000000000000
"1115",building,26.000000000000000
"1116",building,18.000000000000000
"1117",building,34.000000000000000
"1118",building,34.000000000000000
"1119",building,34.000000000000000
"1120",building,30.000000000000000
"1121",building,9.000000000000000
"1122",building,7.000000000000000
"1123",building,8.000000000000000
"1124",building,9.000000000000000
"1125",building,11.000000000000000
"1126",building,11.000000000000000
"1127",building,31.000000000000000
"1128",building,28.000000000000000
"1129",building,27.000000000000000
"1130",building,29.000000000000000
"1131",building,28.000000000000000
"1132",building,28.000000000000000
"1133",building,25.000000000000000
"1134",building,25.000000000000000
"1135",building,26.000000000000000
"1136",building,8.000000000000000
"1137",building,26.000000000000000
"1138",building,3.000000000000000
"1139",building,3.000000000000000
"1140",building,25.000000000000000
"1141",building,29.000000000000000
"1142",building,26.000000000000000
"1143",building,26.000000000000000
"1144",building,32.000000000000000
"1145",building,9.000000000000000
"1146",building,25.000000000000000
"1147",building,23.000000000000000
"1148",building,23.000000000000000
"1149",building,22.000000000000000
"1150",building,24.000000000000000
"1151",building,25.000000000000000
"1152",building,25.000000000000000
"1153",building,15.000000000000000
"1154",building,17.000000000000000
"1155",building,5.000000000000000
"1156",building,4.000000000000000
"1157",building,5.000000000000000
"1158",building,24.000000000000000
"1159",building,24.000000000000000
"1160",building,22.000000000000000
"1161",building,16.000000000000000
"1162",building,15.000000000000000
"1163",building,20.000000000000000
"1164",building,23.000000000000000
"1165",building,33.000000000000000
"1166",building,33.000000000000000
"1167",building,14.000000000000000
"1168",building,24.000000000000000
"1169",building,3.000000000000000
"1170",building,5.000000000000000
"1171",building,35.000000000000000
"1172",building,12.000000000000000
"1173",building,17.000000000000000
"1174",building,9.000000000000000
"1175",building,21.000000000000000
"1176",building,11.000000000000000
"1177",building,13.000000000000000
"1178",building,17.000000000000000
"1179",building,4.000000000000000
"1180",building,4.000000000000000
"1181",building,20.000000000000000
"1182",building,4.000000000000000
"1183",building,28.000000000000000
"1184",building,28.000000000000000
"1185",building,17.000000000000000
"1186",building,24.000000000000000
"1187",building,37.000000000000000
"1188",building,29.000000000000000
"1189",building,31.000000000000000
"1190",building,29.000000000000000
"1191",building,22.000000000000000
"1192",building,18.000000000000000
"1193",building,26.000000000000000
"1194",building,36.000000000000000
"1195",building,25.000000000000000
"1196",building,27.000000000000000
"1197",building,23.000000000000000
"1198",building,24.000000000000000
"1199",building,22.000000000000000
"1200",building,21.000000000000000
"1201",building,23.000000000000000
"1202",building,11.000000000000000
"1203",building,8.000000000000000
"1204",building,36.000000000000000
"1205",building,58.000000000000000
"1206",building,64.000000000000000
"1207",building,16.000000000000000
"1208",building,56.000000000000000
"1209",building,33.000000000000000
"1210",building,11.000000000000000
"1211",building,21.000000000000000
"1212",building,23.000000000000000
"1213",building,27.000000000000000
"1214",building,11.000000000000000
"1215",building,13.000000000000000
"1216",building,30.000000000000000
"1217",building,24.000000000000000
"1218",building,51.000000000000000
"1219",building,27.000000000000000
"1220",building,3.000000000000000
"1221",building,3.000000000000000
"1222",building,54.000000000000000
"1223",building,53.000000000000000
"1224",building,22.000000000000000
"1225",building,24.000000000000000
"1226",building,28.000000000000000
"1227",building,34.000000000000000
"1228",building,23.000000000000000
"1229",building,17.000000000000000
"1230",building,20.000000000000000
"1231",building,18.000000000000000
"1232",building,20.000000000000000
"1233",building,18.000000000000000
"1234",building,19.000000000000000
"1235",building,24.000000000000000
"1236",building,9.000000000000000
"1237",building,13.000000000000000
"1238",building,32.000000000000000
"1239",building,30.000000000000000
"1240",building,20.000000000000000
"1241",building,27.000000000000000
"1242",building,5.000000000000000
"1243",building,30.000000000000000
"1244",building,30.000000000000000
"1245",building,31.000000000000000
"1246",building,10.000000000000000
"1247",building,25.000000000000000
"1248",building,4.000000000000000
"1249",building,4.000000000000000
"1250",building,16.000000000000000
"1251",building,16.000000000000000
"1252",building,3.000000000000000
"1253",building,10.000000000000000
"1254",building,17.000000000000000
"1255",building,11.000000000000000
"1256",building,28.000000000000000
"1257",building,34.000000000000000
"1258",building,7.000000000000000
"1259",building,27.000000000000000
"1260",building,58.000000000000000
"1261",building,49.000000000000000
"1262",building,17.000000000000000
"1263",building,22.000000000000000
"1264",building,21.000000000000000
"1265",building,58.000000000000000
"1266",building,54.000000000000000
"1267",building,61.000000000000000
"1268",building,67.000000000000000
"1269",building,65.000000000000000
"1270",building,65.000000000000000
"1271",building,22.000000000000000
"1272",building,14.000000000000000
"1273",building,30.000000000000000
"1274",building,33.000000000000000
"1275",building,33.000000000000000
"1276",building,8.000000000000000
"1277",building,16.000000000000000
"1278",building,22.000000000000000
"1279",building,31.000000000000000
"1280",building,23.000000000000000
"1281",building,20.000000000000000
"1282",building,5.000000000000000
"1283",building,5.000000000000000
"1284",building,139.000000000000000
"1285",building,134.000000000000000
"1286",building,22.000000000000000
"1287",building,9.000000000000000
"1288",building,19.000000000000000
"1289",building,85.000000000000000
"1290",building,72.000000000000000
"1291",building,16.000000000000000
"1292",building,20.000000000000000
"1293",building,21.000000000000000
"1294",building,12.000000000000000
"1295",building,16.000000000000000
"1296",building,14.000000000000000
"1297",building,16.000000000000000
"1298",building,10.000000000000000
"1299",building,25.000000000000000
"1300",building,24.000000000000000
"1301",building,22.000000000000000
"1302",building,12.000000000000000
"1303",building,11.000000000000000
"1304",building,24.000000000000000
"1305",building,22.000000000000000
"1306",building,26.000000000000000
"1307",building,13.000000000000000
"1308",building,19.000000000000000
"1309",building,18.000000000000000
"1310",building,33.000000000000000
"1311",building,15.000000000000000
"1312",building,13.000000000000000
"1313",building,17.000000000000000
"1314",building,5.000000000000000
"1315",building,4.000000000000000
"1316",building,4.000000000000000
"1317",building,47.000000000000000
"1318",building,40.000000000000000
"1319",building,43.000000000000000
"1320",building,40.000000000000000
"1321",building,37.000000000000000
"1322",building,4.000000000000000
"1323",building,23.000000000000000
"1324",building,24.000000000000000
"1325",building,26.000000000000000
"1326",building,39.000000000000000
"1327",building,42.000000000000000
"1328",building,12.000000000000000
"1329",building,25.000000000000000
"1330",building,14.000000000000000
"1331",building,10.000000000000000
"1332",building,35.000000000000000
"1333",building,9.000000000000000
"1334",building,10.000000000000000
"1335",building,3.000000000000000
"1336",building,3.000000000000000
"1337",building,3.000000000000000
"1338",building,3.000000000000000
"1339",building,3.000000000000000
"1340",building,16.000000000000000
"1341",building,6.000000000000000
"1342",building,14.000000000000000
"1343",building,13.000000000000000
"1344",building,11.000000000000000
"1345",building,18.000000000000000
"1346",building,8.000000000000000
"1347",building,15.000000000000000
"1348",building,8.000000000000000
"1349",building,3.000000000000000
"1350",building,31.000000000000000
"1351",building,38.000000000000000
"1352",building,31.000000000000000
"1353",building,28.000000000000000
"1354",building,29.000000000000000
"1355",building,20.000000000000000
"1356",building,18.000000000000000
"1357",building,14.000000000000000
"1358",building,45.000000000000000
"1359",building,5.000000000000000
"1360",building,5.000000000000000
"1361",building,24.000000000000000
"1362",building,137.000000000000000
"1363",building,53.000000000000000
"1364",building,40.000000000000000
"1365",building,48.000000000000000
"1366",building,22.000000000000000
"1367",building,22.000000000000000
"1368",building,23.000000000000000
"1369",building,23.000000000000000
"1370",building,22.000000000000000
"1371",building,18.000000000000000
"1372",building,18.000000000000000
"1373",building,23.000000000000000
"1374",building,26.000000000000000
"1375",building,24.000000000000000
"1376",building,46.000000000000000
"1377",building,56.000000000000000
"1378",building,73.000000000000000
"1379",building,44.000000000000000
"1380",building,53.000000000000000
"1381",building,26.000000000000000
"1382",building,13.000000000000000
"1383",building,18.000000000000000
"1384",building,18.000000000000000
"1385",building,39.000000000000000
"1386",building,42.000000000000000
"1387",building,38.000000000000000
"1388",building,34.000000000000000
"1389",building,34.000000000000000
"1390",building,29.000000000000000
"1391",building,49.000000000000000
"1392",building,35.000000000000000
"1393",building,38.000000000000000
"1394",building,35.000000000000000
"1395",building,39.000000000000000
"1396",building,30.000000000000000
"1397",building,30.000000000000000
"1398",building,33.000000000000000
"1399",building,30.000000000000000
"1400",building,34.000000000000000
"1401",building,31.000000000000000
"1402",building,33.000000000000000
"1403",building,31.000000000000000
"1404",building,22.000000000000000
"1405",building,19.000000000000000
"1406",building,24.000000000000000
"1407",building,24.000000000000000
"1408",building,26.000000000000000
"1409",building,9.000000000000000
"1410",building,23.000000000000000
"1411",building,16.000000000000000
"1412",building,24.000000000000000
"1413",building,24.000000000000000
"1414",building,24.000000000000000
"1415",building,24.000000000000000
"1416",building,40.000000000000000
"1417",building,41.000000000000000
"1418",building,14.000000000000000
"1419",building,25.000000000000000
"1420",building,21.000000000000000
"1421",building,20.000000000000000
"1422",building,17.000000000000000
"1423",building,17.000000000000000
"1424",building,17.000000000000000
"1425",building,32.000000000000000
"1426",building,26.000000000000000
"1427",building,14.000000000000000
"1428",building,3.000000000000000
"1429",building,30.000000000000000
"1430",building,36.000000000000000
"1431",building,30.000000000000000
"1432",building,12.000000000000000
"1433",building,5.000000000000000
"1434",building,24.000000000000000
"1435",building,70.000000000000000
"1436",building,76.000000000000000
"1437",building,13.000000000000000
"1438",building,16.000000000000000
"1439",building,33.000000000000000
"1440",building,35.000000000000000
"1441",building,35.000000000000000
"1442",building,32.000000000000000
"1443",building,34.000000000000000
"1444",building,35.000000000000000
"1445",building,6.000000000000000
"1446",building,55.000000000000000
"1447",building,30.000000000000000
"1448",building,12.000000000000000
"1449",building,30.000000000000000
"1450",building,33.000000000000000
"1451",building,33.000000000000000
"1452",building,34.000000000000000
"1453",building,34.000000000000000
"1454",building,34.000000000000000
"1455",building,29.000000000000000
"1456",building,31.000000000000000
"1457",building,34.000000000000000
"1458",building,29.000000000000000
"1459",building,29.000000000000000
"1460",building,30.000000000000000
"1461",building,12.000000000000000
"1462",building,4.000000000000000
"1463",building,26.000000000000000
"1464",building,23.000000000000000
"1465",building,19.000000000000000
"1466",building,24.000000000000000
"1467",building,8.000000000000000
"1468",building,19.000000000000000
"1469",building,23.000000000000000
"1470",building,4.000000000000000
"1471",building,6.000000000000000
"1472",building,45.000000000000000
"1473",building,42.000000000000000
"1474",building,55.000000000000000
"1475",building,29.000000000000000
"1476",building,20.000000000000000
"1477",building,14.000000000000000
"1478",building,14.000000000000000
"1479",building,25.000000000000000
"1480",building,34.000000000000000
"1481",building,11.000000000000000
"1482",building,33.000000000000000
"1483",building,33.000000000000000
"1484",building,28.000000000000000
"1485",building,18.000000000000000
"1486",building,21.000000000000000
"1487",building,6.000000000000000
"1488",building,30.000000000000000
"1489",building,5.000000000000000
"1490",building,21.000000000000000
"1491",building,15.000000000000000
"1492",building,14.000000000000000
"1493",building,23.000000000000000
"1494",building,18.000000000000000
"1495",building,15.000000000000000
"1496",building,20.000000000000000
"1497",building,5.000000000000000
"1498",building,5.000000000000000
"1499",building,20.000000000000000
"1500",building,20.000000000000000
"1501",building,31.000000000000000
"1502",building,18.000000000000000
"1503",building,23.000000000000000
"1504",building,7.000000000000000
"1505",building,21.000000000000000
"1506",building,20.000000000000000
"1507",building,3.000000000000000
"1508",building,17.000000000000000
"1509",building,38.000000000000000
"1510",building,20.000000000000000
"1511",building,20.000000000000000
"1512",building,21.000000000000000
"1513",building,10.000000000000000
"1514",building,11.000000000000000
"1515",building,6.000000000000000
"1516",building,50.000000000000000
"1517",building,21.000000000000000
"1518",building,20.000000000000000
"1519",building,50.000000000000000
"1520",building,47.000000000000000
"1521",building,40.000000000000000
"1522",building,35.000000000000000
"1523",building,52.000000000000000
"1524",building,10.000000000000000
"1525",building,4.000000000000000
"1526",building,6.000000000000000
"1527",building,4.000000000000000
"1528",building,5.000000000000000
"1529",building,6.000000000000000
"1530",building,5.000000000000000
"1531",building,3.000000000000000
"1532",building,34.000000000000000
"1533",building,22.000000000000000
"1534",building,22.000000000000000
"1535",building,19.000000000000000
"1536",building,17.000000000000000
"1537",building,31.000000000000000
"1538",building,35.000000000000000
"1539",building,33.000000000000000
"1540",building,5.000000000000000
"1541",building,3.000000000000000
"1542",building,5.000000000000000
"1543",building,24.000000000000000
"1544",building,20.000000000000000
"1545",building,17.000000000000000
"1546",building,8.000000000000000
"1547",building,5.000000000000000
"1548",building,20.000000000000000
"1549",building,22.000000000000000
"1550",building,21.000000000000000
"1551",building,5.000000000000000
"1552",building,37.000000000000000
"1553",building,5.000000000000000
"1554",building,5.000000000000000
"1555",building,11.000000000000000
"1556",building,3.000000000000000
"1557",building,17.000000000000000
"1558",building,9.000000000000000
"1559",building,21.000000000000000
"1560",building,10.000000000000000
"1561",building,14.000000000000000
"1562",building,15.000000000000000
"1563",building,14.000000000000000
"1564",building,5.000000000000000
"1565",building,25.000000000000000
"1566",building,21.000000000000000
"1567",building,25.000000000000000
"1568",building,26.000000000000000
"1569",building,22.000000000000000
"1570",building,25.000000000000000
"1571",building,21.000000000000000
"1572",building,7.000000000000000
"1573",building,5.000000000000000
"1574",building,3.000000000000000
"1575",building,14.000000000000000
"1576",building,6.000000000000000
"1577",building,6.000000000000000
"1578",building,10.000000000000000
"1579",building,15.000000000000000
"1580",building,12.000000000000000
"1581",building,10.000000000000000
"1582",building,11.000000000000000
"1583",building,30.000000000000000
"1584",building,14.000000000000000
"1585",building,6.000000000000000
"1586",building,7.000000000000000
"1587",building,6.000000000000000
"1588",building,13.000000000000000
"1589",building,5.000000000000000
"1590",building,8.000000000000000
"1591",building,15.000000000000000
"1592",building,33.000000000000000
"1593",building,33.000000000000000
"1594",building,24.000000000000000
"1595",building,26.000000000000000
"1596",building,13.000000000000000
"1597",building,27.000000000000000
"1598",building,16.000000000000000
"1599",building,12.000000000000000
"1600",building,21.000000000000000
"1601",building,16.000000000000000
"1602",building,13.000000000000000
"1603",building,18.000000000000000
"1604",building,16.000000000000000
"1605",building,18.000000000000000
"1606",building,12.000000000000000
"1607",building,4.000000000000000
"1608",building,33.000000000000000
"1609",building,44.000000000000000
"1610",building,40.000000000000000
"1611",building,21.000000000000000
"1612",building,3.000000000000000
"1613",building,11.000000000000000
"1614",building,12.000000000000000
"1615",building,14.000000000000000
"1616",building,12.000000000000000
"1617",building,22.000000000000000
"1618",building,32.000000000000000
"1619",building,15.000000000000000
"1620",building,31.000000000000000
"1621",building,6.000000000000000
"1622",building,4.000000000000000
"1623",building,4.000000000000000
"1624",building,8.000000000000000
"1625",building,5.000000000000000
"1626",building,6.000000000000000
"1627",building,45.000000000000000
"1628",building,45.000000000000000
"1629",building,44.000000000000000
"1630",building,44.000000000000000
"1631",building,40.000000000000000
"1632",building,40.000000000000000
"1633",building,47.000000000000000
"1634",building,43.000000000000000
"1635",building,39.000000000000000
"1636",building,42.000000000000000
"1637",building,29.000000000000000
"1638",building,33.000000000000000
"1639",building,39.000000000000000
"1640",building,43.000000000000000
"1641",building,37.000000000000000
"1642",building,24.000000000000000
"1643",building,21.000000000000000
"1644",building,23.000000000000000
"1645",building,19.000000000000000
"1646",building,13.000000000000000
"1647",building,10.000000000000000
"1648",building,5.000000000000000
"1649",building,3.000000000000000
"1650",building,40.000000000000000
"1651",building,37.000000000000000
"1652",building,43.000000000000000
"1653",building,41.000000000000000
"1654",building,39.000000000000000
"1655",building,34.000000000000000
"1656",building,15.000000000000000
"1657",building,7.000000000000000
"1658",building,43.000000000000000
"1659",building,8.000000000000000
"1660",building,18.000000000000000
"1661",building,18.000000000000000
"1662",building,20.000000000000000
"1663",building,22.000000000000000
"1664",building,7.000000000000000
"1665",building,4.000000000000000
"1666",building,15.000000000000000
"1667",building,6.000000000000000
"1668",building,10.000000000000000
"1669",building,18.000000000000000
"1670",building,30.000000000000000
"1671",building,131.000000000000000
"1672",building,124.000000000000000
"1673",building,132.000000000000000
"1674",building,10.000000000000000
"1675",building,3.000000000000000
"1676",building,8.000000000000000
"1677",building,22.000000000000000
"1678",building,23.000000000000000
"1679",building,45.000000000000000
"1680",building,48.000000000000000
"1681",building,49.000000000000000
"1682",building,20.000000000000000
"1683",building,13.000000000000000
"1684",building,9.000000000000000
"1685",building,6.000000000000000
"1686",building,44.000000000000000
"1687",building,34.000000000000000
"1688",building,37.000000000000000
"1689",building,31.000000000000000
"1690",building,34.000000000000000
"1691",building,32.000000000000000
"1692",building,27.000000000000000
"1693",building,28.000000000000000
"1694",building,25.000000000000000
"1695",building,22.000000000000000
"1696",building,16.000000000000000
"1697",building,11.000000000000000
"1698",building,29.000000000000000
"1699",building,27.000000000000000
"1700",building,31.000000000000000
"1701",building,25.000000000000000
"1702",building,27.000000000000000
"1703",building,27.000000000000000
"1704",building,27.000000000000000
"1705",building,22.000000000000000
"1706",building,18.000000000000000
"1707",building,25.000000000000000
"1708",building,22.000000000000000
"1709",building,15.000000000000000
"1710",building,5.000000000000000
"1711",building,18.000000000000000
"1712",building,13.000000000000000
"1713",building,24.000000000000000
"1714",building,30.000000000000000
"1715",building,25.000000000000000
"1716",building,24.000000000000000
"1717",building,24.000000000000000
"1718",building,24.000000000000000
"1719",building,24.000000000000000
"1720",building,6.000000000000000
"1721",building,28.000000000000000
"1722",building,28.000000000000000
"1723",building,15.000000000000000
"1724",building,6.000000000000000
"1725",building,23.000000000000000
"1726",building,6.000000000000000
"1727",building,17.000000000000000
"1728",building,14.000000000000000
"1729",building,16.000000000000000
"1730",building,4.000000000000000
"1731",building,4.000000000000000
"1732",building,4.000000000000000
"1733",building,6.000000000000000
"1734",building,5.000000000000000
"1735",building,17.000000000000000
"1736",building,23.000000000000000
"1737",building,22.000000000000000
"1738",building,22.000000000000000
"1739",building,28.000000000000000
"1740",building,27.000000000000000
"1741",building,5.000000000000000
"1742",building,21.000000000000000
"1743",building,24.000000000000000
"1744",building,25.000000000000000
"1745",building,4.000000000000000
"1746",building,6.000000000000000
"1747",building,18.000000000000000
"1748",building,19.000000000000000
"1749",building,21.000000000000000
"1750",building,20.000000000000000
"1751",building,20.000000000000000
"1752",building,5.000000000000000
"1753",building,32.000000000000000
"1754",building,13.000000000000000
"1755",building,11.000000000000000
"1756",building,21.000000000000000
"1757",building,27.000000000000000
"1758",building,23.000000000000000
"1759",building,30.000000000000000
"1760",building,24.000000000000000
"1761",building,24.000000000000000
"1762",building,23.000000000000000
"1763",building,22.000000000000000
"1764",building,7.000000000000000
"1765",building,8.000000000000000
"1766",building,35.000000000000000
"1767",building,35.000000000000000
"1768",building,23.000000000000000
"1769",building,27.000000000000000
"1770",building,20.000000000000000
"1771",building,23.000000000000000
"1772",building,34.000000000000000
"1773",building,20.000000000000000
"1774",building,29.000000000000000
"1775",building,21.000000000000000
"1776",building,22.000000000000000
"1777",building,19.000000000000000
"1778",building,29.000000000000000
"1779",building,29.000000000000000
"1780",building,10.000000000000000
"1781",building,24.000000000000000
"1782",building,22.000000000000000
"1783",building,26.000000000000000
"1784",building,32.000000000000000
"1785",building,28.000000000000000
"1786",building,10.000000000000000
"1787",building,22.000000000000000
"1788",building,26.000000000000000
"1789",building,13.000000000000000
"1790",building,21.000000000000000
"1791",building,3.000000000000000
"1792",building,18.000000000000000
"1793",building,24.000000000000000
"1794",building,21.000000000000000
"1795",building,6.000000000000000
"1796",building,9.000000000000000
"1797",building,15.000000000000000
"1798",building,6.000000000000000
"1799",building,32.000000000000000
"1800",building,28.000000000000000
"1801",building,28.000000000000000
"1802",building,24.000000000000000
"1803",building,23.000000000000000
"1804",building,20.000000000000000
"1805",building,12.000000000000000
"1806",building,30.000000000000000
"1807",building,26.000000000000000
"1808",building,32.000000000000000
"1809",building,20.000000000000000
"1810",building,23.000000000000000
"1811",building,17.000000000000000
"1812",building,31.000000000000000
"1813",building,9.000000000000000
"1814",building,17.000000000000000
"1815",building,13.000000000000000
"1816",building,21.000000000000000
"1817",building,30.000000000000000
"1818",building,24.000000000000000
"1819",building,20.000000000000000
"1820",building,24.000000000000000
"1821",building,4.000000000000000
"1822",building,12.000000000000000
"1823",building,7.000000000000000
"1824",building,3.000000000000000
"1825",building,20.000000000000000
"1826",building,30.000000000000000
"1827",building,24.000000000000000
"1828",building,23.000000000000000
"1829",building,11.000000000000000
"1830",building,29.000000000000000
"1831",building,24.000000000000000
"1832",building,23.000000000000000
"1833",building,23.000000000000000
"1834",building,7.000000000000000
"1835",building,34.000000000000000
"1836",building,40.000000000000000
"1837",building,4.000000000000000
"1838",building,24.000000000000000
"1839",building,23.000000000000000
"1840",building,24.000000000000000
"1841",building,22.000000000000000
"1842",building,20.000000000000000
"1843",building,3.000000000000000
"1844",building,3.000000000000000
"1845",building,20.000000000000000
"1846",building,39.000000000000000
"1847",building,41.000000000000000
"1848",building,40.000000000000000
"1849",building,6.000000000000000
"1850",building,7.000000000000000
"1851",building,5.000000000000000
"1852",building,5.000000000000000
"1853",building,4.000000000000000
"1854",building,39.000000000000000
"1855",building,25.000000000000000
"1856",building,28.000000000000000
"1857",building,11.000000000000000
"1858",building,11.000000000000000
"1859",building,8.000000000000000
"1860",building,15.000000000000000
"1861",building,17.000000000000000
"1862",building,23.000000000000000
"1863",building,34.000000000000000
"1864",building,30.000000000000000
"1865",building,27.000000000000000
"1866",building,30.000000000000000
"1867",building,31.000000000000000
"1868",building,3.000000000000000
"1869",building,30.000000000000000
"1870",building,25.000000000000000
"1871",building,32.000000000000000
"1872",building,12.000000000000000
"1873",building,17.000000000000000
"1874",building,23.000000000000000
"1875",building,29.000000000000000
"1876",building,21.000000000000000
"1877",building,20.000000000000000
"1878",building,26.000000000000000
"1879",building,34.000000000000000
"1880",building,35.000000000000000
"1881",building,19.000000000000000
"1882",building,12.000000000000000
"1883",building,15.000000000000000
"1884",building,6.000000000000000
"1885",building,8.000000000000000
"1886",building,22.000000000000000
"1887",building,20.000000000000000
"1888",building,22.000000000000000
"1889",building,21.000000000000000
"1890",building,18.000000000000000
"1891",building,13.000000000000000
"1892",building,12.000000000000000
"1893",building,6.000000000000000
"1894",building,20.000000000000000
"1895",building,4.000000000000000
"1896",building,31.000000000000000
"1897",building,24.000000000000000
"1898",building,27.000000000000000
"1899",building,24.000000000000000
"1900",building,28.000000000000000
"1901",building,28.000000000000000
"1902",building,25.000000000000000
"1903",building,25.000000000000000
"1904",building,21.000000000000000
"1905",building,8.000000000000000
"1906",building,20.000000000000000
"1907",building,5.000000000000000
"1908",building,7.000000000000000
"1909",building,4.000000000000000
"1910",building,4.000000000000000
"1911",building,4.000000000000000
"1912",building,3.000000000000000
"1913",building,3.000000000000000
"1914",building,3.000000000000000
"1915",building,3.000000000000000
"1916",building,31.000000000000000
"1917",building,33.000000000000000
"1918",building,33.000000000000000
"1919",building,33.000000000000000
"1920",building,31.000000000000000
"1921",building,75.000000000000000
"1922",building,1.000000000000000
"1923",building,48.000000000000000
"1924",building,50.000000000000000
"1925",building,57.000000000000000
"1926",building,55.000000000000000
"1927",building,55.000000000000000
"1928",building,50.000000000000000
"1929",building,10.000000000000000
"1930",building,13.000000000000000
"1931",building,6.000000000000000
"1932",building,15.000000000000000
"1933",building,12.000000000000000
"1934",building,5.000000000000000
"1935",building,6.000000000000000
"1936",building,13.000000000000000
"1937",building,7.000000000000000
"1938",building,23.000000000000000
"1939",building,24.000000000000000
"1940",building,3.000000000000000
"1941",building,10.000000000000000
"1942",building,17.000000000000000
"1943",building,20.000000000000000
"1944",building,20.000000000000000
"1945",building,22.000000000000000
"1946",building,22.000000000000000
"1947",building,17.000000000000000
"1948",building,4.000000000000000
"1949",building,12.000000000000000
"1950",building,15.000000000000000
"1951",building,7.000000000000000
"1952",building,13.000000000000000
"1953",building,11.000000000000000
"1954",building,12.000000000000000
"1955",building,14.000000000000000
"1956",building,20.000000000000000
"1957",building,21.000000000000000
"1958",building,18.000000000000000
"1959",building,21.000000000000000
"1960",building,7.000000000000000
"1961",building,5.000000000000000
"1962",building,43.000000000000000
"1963",building,25.000000000000000
"1964",building,8.000000000000000
"1965",building,5.000000000000000
"1966",building,13.000000000000000
"1967",building,10.000000000000000
"1968",building,11.000000000000000
"1969",building,5.000000000000000
"1970",building,7.000000000000000
"1971",building,7.000000000000000
"1972",building,18.000000000000000
"1973",building,7.000000000000000
"1974",building,9.000000000000000
"1975",building,12.000000000000000
"1976",building,8.000000000000000
"1977",building,9.000000000000000
"1978",building,6.000000000000000
"1979",building,7.000000000000000
"1980",building,14.000000000000000
"1981",building,32.000000000000000
"1982",building,19.000000000000000
"1983",building,21.000000000000000
"1984",building,23.000000000000000
"1985",building,19.000000000000000
"1986",building,22.000000000000000
"1987",building,13.000000000000000
"1988",building,11.000000000000000
"1989",building,3.000000000000000
"1990",building,8.000000000000000
"1991",building,22.000000000000000
"1992",building,17.000000000000000
"1993",building,13.000000000000000
"1994",building,12.000000000000000
"1995",building,6.000000000000000
"1996",building,24.000000000000000
"1997",building,13.000000000000000
"1998",building,21.000000000000000
"1999",building,26.000000000000000
"2000",building,24.000000000000000
"2001",building,27.000000000000000
"2002",building,13.000000000000000
"2003",building,13.000000000000000
"2004",building,5.000000000000000
"2005",building,9.000000000000000
"2006",building,20.000000000000000
"2007",building,8.000000000000000
"2008",building,20.000000000000000
"2009",building,9.000000000000000
"2010",building,6.000000000000000
"2011",building,10.000000000000000
"2012",building,5.000000000000000
"2013",building,8.000000000000000
"2014",building,39.000000000000000
"2015",building,37.000000000000000
"2016",building,21.000000000000000
"2017",building,20.000000000000000
"2018",building,22.000000000000000
"2019",building,11.000000000000000
"2020",building,12.000000000000000
"2021",building,14.000000000000000
"2022",building,11.000000000000000
"2023",building,5.000000000000000
"2024",building,11.000000000000000
"2025",building,8.000000000000000
"2026",building,6.000000000000000
"2027",building,18.000000000000000
"2028",building,18.000000000000000
"2029",building,17.000000000000000
"2030",building,14.000000000000000
"2031",building,14.000000000000000
"2032",building,9.000000000000000
"2033",building,13.000000000000000
"2034",building,4.000000000000000
"2035",building,5.000000000000000
"2036",building,5.000000000000000
"2037",building,5.000000000000000
"2038",building,7.000000000000000
"2039",building,5.000000000000000
"2040",building,18.000000000000000
"2041",building,19.000000000000000
"2042",building,21.000000000000000
"2043",building,22.000000000000000
"2044",building,14.000000000000000
"2045",building,13.000000000000000
"2046",building,12.000000000000000
"2047",building,7.000000000000000
"2048",building,9.000000000000000
"2049",building,16.000000000000000
"2050",building,18.000000000000000
"2051",building,17.000000000000000
"2052",building,29.000000000000000
"2053",building,3.000000000000000
"2054",building,3.000000000000000
"2055",building,5.000000000000000
"2056",building,15.000000000000000
"2057",building,3.000000000000000
"2058",building,10.000000000000000
"2059",building,8.000000000000000
"2060",building,20.000000000000000
"2061",building,20.000000000000000
"2062",building,26.000000000000000
"2063",building,25.000000000000000
"2064",building,6.000000000000000
"2065",building,34.000000000000000
"2066",building,38.000000000000000
"2067",building,40.000000000000000
"2068",building,14.000000000000000
"2069",building,11.000000000000000
"2070",building,45.000000000000000
"2071",building,24.000000000000000
"2072",building,24.000000000000000
"2073",building,35.000000000000000
"2074",building,35.000000000000000
"2075",building,21.000000000000000
"2076",building,23.000000000000000
"2077",building,4.000000000000000
"2078",building,4.000000000000000
"2079",building,5.000000000000000
"2080",building,6.000000000000000
"2081",building,5.000000000000000
"2082",building,17.000000000000000
"2083",building,17.000000000000000
"2084",building,11.000000000000000
"2085",building,15.000000000000000
"2086",building,13.000000000000000
"2087",building,18.000000000000000
"2088",building,14.000000000000000
"2089",building,15.000000000000000
"2090",building,5.000000000000000
"2091",building,4.000000000000000
"2092",building,6.000000000000000
"2093",building,7.000000000000000
"2094",building,6.000000000000000
"2095",building,11.000000000000000
"2096",building,5.000000000000000
"2097",building,17.000000000000000
"2098",building,24.000000000000000
"2099",building,5.000000000000000
"2100",building,19.000000000000000
"2101",building,12.000000000000000
"2102",building,6.000000000000000
"2103",building,6.000000000000000
"2104",building,5.000000000000000
"2105",building,6.000000000000000
"2106",building,5.000000000000000
"2107",building,4.000000000000000
"2108",building,40.000000000000000
"2109",building,34.000000000000000
"2110",building,19.000000000000000
"2111",building,11.000000000000000
"2112",building,11.000000000000000
"2113",building,7.000000000000000
"2114",building,11.000000000000000
"2115",building,15.000000000000000
"2116",building,9.000000000000000
"2117",building,19.000000000000000
"2118",building,19.000000000000000
"2119",building,32.000000000000000
"2120",building,9.000000000000000
"2121",building,27.000000000000000
"2122",building,29.000000000000000
"2123",building,20.000000000000000
"2124",building,16.000000000000000
"2125",building,18.000000000000000
"2126",building,7.000000000000000
"2127",building,6.000000000000000
"2128",building,3.000000000000000
"2129",building,11.000000000000000
"2130",building,17.000000000000000
"2131",building,23.000000000000000
"2132",building,22.000000000000000
"2133",building,21.000000000000000
"2134",building,20.000000000000000
"2135",building,22.000000000000000
"2136",building,8.000000000000000
"2137",building,7.000000000000000
"2138",building,4.000000000000000
"2139",building,4.000000000000000
"2140",building,23.000000000000000
"2141",building,11.000000000000000
"2142",building,5.000000000000000
"2143",building,33.000000000000000
"2144",building,32.000000000000000
"2145",building,20.000000000000000
"2146",building,29.000000000000000
"2147",building,16.000000000000000
"2148",building,27.000000000000000
"2149",building,22.000000000000000
"2150",building,16.000000000000000
"2151",building,29.000000000000000
"2152",building,26.000000000000000
"2153",building,26.000000000000000
"2154",building,14.000000000000000
"2155",building,17.000000000000000
"2156",building,4.000000000000000
"2157",building,24.000000000000000
"2158",building,24.000000000000000
"2159",building,21.000000000000000
"2160",building,17.000000000000000
"2161",building,21.000000000000000
"2162",building,14.000000000000000
"2163",building,73.000000000000000
"2164",building,18.000000000000000
"2165",building,11.000000000000000
"2166",building,34.000000000000000
"2167",building,11.000000000000000
"2168",building,16.000000000000000
"2169",building,70.000000000000000
"2170",building,6.000000000000000
"2171",building,17.000000000000000
"2172",building,14.000000000000000
"2173",building,10.000000000000000
"2174",building,17.000000000000000
"2175",building,17.000000000000000
"2176",building,6.000000000000000
"2177",building,5.000000000000000
"2178",building,8.000000000000000
"2179",building,12.000000000000000
"2180",building,15.000000000000000
"2181",building,5.000000000000000
"2182",building,26.000000000000000
"2183",building,26.000000000000000
"2184",building,17.000000000000000
"2185",building,10.000000000000000
"2186",building,21.000000000000000
"2187",building,21.000000000000000
"2188",building,19.000000000000000
"2189",building,17.000000000000000
"2190",building,5.000000000000000
"2191",building,5.000000000000000
"2192",building,3.000000000000000
"2193",building,4.000000000000000
"2194",building,9.000000000000000
"2195",building,8.000000000000000
"2196",building,7.000000000000000
"2197",building,8.000000000000000
"2198",building,7.000000000000000
"2199",building,13.000000000000000
"2200",building,6.000000000000000
"2201",building,5.000000000000000
"2202",building,4.000000000000000
"2203",building,7.000000000000000
"2204",building,6.000000000000000
"2205",building,10.000000000000000
"2206",building,4.000000000000000
"2207",building,6.000000000000000
"2208",building,48.000000000000000
"2209",building,46.000000000000000
"2210",building,4.000000000000000
"2211",building,8.000000000000000
"2212",building,3.000000000000000
"2213",building,11.000000000000000
"2214",building,8.000000000000000
"2215",building,10.000000000000000
"2216",building,11.000000000000000
"2217",building,17.000000000000000
"2218",building,7.000000000000000
"2219",building,7.000000000000000
"2220",building,6.000000000000000
"2221",building,9.000000000000000
"2222",building,5.000000000000000
"2223",building,5.000000000000000
"2224",building,34.000000000000000
"2225",building,13.000000000000000
"2226",building,32.000000000000000
"2227",building,37.000000000000000
"2228",building,34.000000000000000
"2229",building,35.000000000000000
"2230",building,22.000000000000000
"2231",building,31.000000000000000
"2232",building,4.000000000000000
"2233",building,29.000000000000000
"2234",building,4.000000000000000
"2235",building,6.000000000000000
"2236",building,8.000000000000000
"2237",building,4.000000000000000
"2238",building,5.000000000000000
"2239",building,3.000000000000000
"2240",building,5.000000000000000
"2241",building,49.000000000000000
"2242",building,10.000000000000000
"2243",building,27.000000000000000
"2244",building,19.000000000000000
"2245",building,31.000000000000000
"2246",building,26.000000000000000
"2247",building,33.000000000000000
"2248",building,38.000000000000000
"2249",building,30.000000000000000
"2250",building,28.000000000000000
"2251",building,22.000000000000000
"2252",building,22.000000000000000
"2253",building,22.000000000000000
"2254",building,17.000000000000000
"2255",building,4.000000000000000
"2256",building,14.000000000000000
"2257",building,18.000000000000000
"2258",building,14.000000000000000
"2259",building,24.000000000000000
"2260",building,25.000000000000000
"2261",building,11.000000000000000
"2262",building,13.000000000000000
"2263",building,21.000000000000000
"2264",building,12.000000000000000
"2265",building,5.000000000000000
"2266",building,56.000000000000000
"2267",building,46.000000000000000
"2268",building,3.000000000000000
"2269",building,4.000000000000000
"2270",building,4.000000000000000
"2271",building,27.000000000000000
"2272",building,27.000000000000000
"2273",building,24.000000000000000
"2274",building,24.000000000000000
"2275",building,7.000000000000000
"2276",building,4.000000000000000
"2277",building,4.000000000000000
"2278",building,4.000000000000000
"2279",building,16.000000000000000
"2280",building,25.000000000000000
"2281",building,6.000000000000000
"2282",building,26.000000000000000
"2283",building,24.000000000000000
"2284",building,6.000000000000000
"2285",building,6.000000000000000
"2286",building,26.000000000000000
"2287",building,9.000000000000000
"2288",building,21.000000000000000
"2289",building,4.000000000000000
"2290",building,3.000000000000000
"2291",building,6.000000000000000
"2292",building,22.000000000000000
"2293",building,24.000000000000000
"2294",building,6.000000000000000
"2295",building,4.000000000000000
"2296",building,21.000000000000000
"2297",building,17.000000000000000
"2298",building,25.000000000000000
"2299",building,25.000000000000000
"2300",building,20.000000000000000
"2301",building,22.000000000000000
"2302",building,16.000000000000000
"2303",building,20.000000000000000
"2304",building,5.000000000000000
"2305",building,8.000000000000000
"2306",building,22.000000000000000
"2307",building,5.000000000000000
"2308",building,5.000000000000000
"2309",building,14.000000000000000
"2310",building,17.000000000000000
"2311",building,6.000000000000000
"2312",building,22.000000000000000
"2313",building,5.000000000000000
"2314",building,10.000000000000000
"2315",building,12.000000000000000
"2316",building,9.000000000000000
"2317",building,5.000000000000000
"2318",building,3.000000000000000
"2319",building,26.000000000000000
"2320",building,24.000000000000000
"2321",building,34.000000000000000
"2322",building,35.000000000000000
"2323",building,38.000000000000000
"2324",building,34.000000000000000
"2325",building,32.000000000000000
"2326",building,32.000000000000000
"2327",building,28.000000000000000
"2328",building,26.000000000000000
"2329",building,27.000000000000000
"2330",building,22.000000000000000
"2331",building,22.000000000000000
"2332",building,10.000000000000000
"2333",building,11.000000000000000
"2334",building,30.000000000000000
"2335",building,26.000000000000000
"2336",building,25.000000000000000
"2337",building,28.000000000000000
"2338",building,30.000000000000000
"2339",building,21.000000000000000
"2340",building,5.000000000000000
"2341",building,30.000000000000000
"2342",building,30.000000000000000
"2343",building,32.000000000000000
"2344",building,24.000000000000000
"2345",building,23.000000000000000
"2346",building,24.000000000000000
"2347",building,20.000000000000000
"2348",building,23.000000000000000
"2349",building,41.000000000000000
"2350",building,45.000000000000000
"2351",building,24.000000000000000
"2352",building,15.000000000000000
"2353",building,4.000000000000000
"2354",building,7.000000000000000
"2355",building,5.000000000000000
"2356",building,20.000000000000000
"2357",building,22.000000000000000
"2358",building,4.000000000000000
"2359",building,14.000000000000000
"2360",building,25.000000000000000
"2361",building,12.000000000000000
"2362",building,28.000000000000000
"2363",building,19.000000000000000
"2364",building,5.000000000000000
"2365",building,21.000000000000000
"2366",building,25.000000000000000
"2367",building,22.000000000000000
"2368",building,18.000000000000000
"2369",building,5.000000000000000
"2370",building,7.000000000000000
"2371",building,14.000000000000000
"2372",building,21.000000000000000
"2373",building,15.000000000000000
"2374",building,23.000000000000000
"2375",building,21.000000000000000
"2376",building,29.000000000000000
"2377",building,29.000000000000000
"2378",building,8.000000000000000
"2379",building,19.000000000000000
"2380",building,17.000000000000000
"2381",building,10.000000000000000
"2382",building,4.000000000000000
"2383",building,3.000000000000000
"2384",building,3.000000000000000
"2385",building,19.000000000000000
"2386",building,21.000000000000000
"2387",building,13.000000000000000
"2388",building,15.000000000000000
"2389",building,7.000000000000000
"2390",building,12.000000000000000
"2391",building,8.000000000000000
"2392",building,8.000000000000000
"2393",building,8.000000000000000
"2394",building,83.000000000000000
"2395",building,24.000000000000000
"2396",building,27.000000000000000
"2397",building,23.000000000000000
"2398",building,25.000000000000000
"2399",building,22.000000000000000
"2400",building,32.000000000000000
"2401",building,33.000000000000000
"2402",building,32.000000000000000
"2403",building,30.000000000000000
"2404",building,25.000000000000000
"2405",building,24.000000000000000
"2406",building,23.000000000000000
"2407",building,19.000000000000000
"2408",building,19.000000000000000
"2409",building,12.000000000000000
"2410",building,5.000000000000000
"2411",building,21.000000000000000
"2412",building,38.000000000000000
"2413",building,21.000000000000000
"2414",building,5.000000000000000
"2415",building,5.000000000000000
"2416",building,5.000000000000000
"2417",building,13.000000000000000
"2418",building,9.000000000000000
"2419",building,9.000000000000000
"2420",building,21.000000000000000
"2421",building,22.000000000000000
"2422",building,19.000000000000000
"2423",building,45.000000000000000
"2424",building,45.000000000000000
"2425",building,45.000000000000000
"2426",building,42.000000000000000
"2427",building,42.000000000000000
"2428",building,27.000000000000000
"2429",building,27.000000000000000
"2430",building,39.000000000000000
"2431",building,37.000000000000000
"2432",building,14.000000000000000
"2433",building,21.000000000000000
"2434",building,24.000000000000000
"2435",building,30.000000000000000
"2436",building,5.000000000000000
"2437",building,17.000000000000000
"2438",building,27.000000000000000
"2439",building,24.000000000000000
"2440",building,19.000000000000000
"2441",building,26.000000000000000
"2442",building,23.000000000000000
"2443",building,7.000000000000000
"2444",building,30.000000000000000
"2445",building,31.000000000000000
"2446",building,28.000000000000000
"2447",building,15.000000000000000
"2448",building,5.000000000000000
"2449",building,40.000000000000000
"2450",building,37.000000000000000
"2451",building,21.000000000000000
"2452",building,3.000000000000000
"2453",building,33.000000000000000
"2454",building,10.000000000000000
"2455",building,30.000000000000000
"2456",building,29.000000000000000
"2457",building,29.000000000000000
"2458",building,6.000000000000000
"2459",building,36.000000000000000
"2460",building,36.000000000000000
"2461",building,17.000000000000000
"2462",building,5.000000000000000
"2463",building,4.000000000000000
"2464",building,19.000000000000000
"2465",building,5.000000000000000
"2466",building,33.000000000000000
"2467",building,19.000000000000000
"2468",building,3.000000000000000
"2469",building,19.000000000000000
"2470",building,17.000000000000000
"2471",building,18.000000000000000
"2472",building,3.000000000000000
"2473",building,10.000000000000000
"2474",building,35.000000000000000
"2475",building,35.000000000000000
"2476",building,5.000000000000000
"2477",building,6.000000000000000
"2478",building,7.000000000000000
"2479",building,8.000000000000000
"2480",building,4.000000000000000
"2481",building,12.000000000000000
"2482",building,6.000000000000000
"2483",building,6.000000000000000
"2484",building,5.000000000000000
"2485",building,16.000000000000000
"2486",building,12.000000000000000
"2487",building,21.000000000000000
"2488",building,25.000000000000000
"2489",building,3.000000000000000
"2490",building,25.000000000000000
"2491",building,14.000000000000000
"2492",building,4.000000000000000
"2493",building,3.000000000000000
"2494",building,6.000000000000000
"2495",building,14.000000000000000
"2496",building,18.000000000000000
"2497",building,24.000000000000000
"2498",building,19.000000000000000
"2499",building,24.000000000000000
"2500",building,9.000000000000000
"2501",building,42.000000000000000
"2502",building,43.000000000000000
"2503",building,39.000000000000000
"2504",building,38.000000000000000
"2505",building,37.000000000000000
"2506",building,39.000000000000000
"2507",building,17.000000000000000
"2508",building,41.000000000000000
"2509",building,13.000000000000000
"2510",building,23.000000000000000
"2511",building,27.000000000000000
"2512",building,24.000000000000000
"2513",building,29.000000000000000
"2514",building,6.000000000000000
"2515",building,5.000000000000000
"2516",building,35.000000000000000
"2517",building,26.000000000000000
"2518",building,6.000000000000000
"2519",building,26.000000000000000
"2520",building,22.000000000000000
"2521",building,38.000000000000000
"2522",building,38.000000000000000
"2523",building,4.000000000000000
"2524",building,5.000000000000000
"2525",building,5.000000000000000
"2526",building,28.000000000000000
"2527",building,25.000000000000000
"2528",building,17.000000000000000
"2529",building,16.000000000000000
"2530",building,13.000000000000000
"2531",building,36.000000000000000
"2532",building,19.000000000000000
"2533",building,4.000000000000000
"2534",building,29.000000000000000
"2535",building,29.000000000000000
"2536",building,26.000000000000000
"2537",building,29.000000000000000
"2538",building,21.000000000000000
"2539",building,7.000000000000000
"2540",building,29.000000000000000
"2541",building,27.000000000000000
"2542",building,28.000000000000000
"2543",building,8.000000000000000
"2544",building,36.000000000000000
"2545",building,11.000000000000000
"2546",building,35.000000000000000
"2547",building,32.000000000000000
"2548",building,32.000000000000000
"2549",building,32.000000000000000
"2550",building,6.000000000000000
"2551",building,20.000000000000000
"2552",building,5.000000000000000
"2553",building,5.000000000000000
"2554",building,3.000000000000000
"2555",building,7.000000000000000
"2556",building,3.000000000000000
"2557",building,3.000000000000000
"2558",building,14.000000000000000
"2559",building,3.000000000000000
"2560",building,5.000000000000000
"2561",building,13.000000000000000
"2562",building,3.000000000000000
"2563",building,17.000000000000000
"2564",building,3.000000000000000
"2565",building,4.000000000000000
"2566",building,20.000000000000000
"2567",building,18.000000000000000
"2568",building,28.000000000000000
"2569",building,12.000000000000000
"2570",building,19.000000000000000
"2571",building,31.000000000000000
"2572",building,29.000000000000000
"2573",building,18.000000000000000
"2574",building,20.000000000000000
"2575",building,31.000000000000000
"2576",building,28.000000000000000
"2577",building,28.000000000000000
"2578",building,28.000000000000000
"2579",building,29.000000000000000
"2580",building,32.000000000000000
"2581",building,32.000000000000000
"2582",building,18.000000000000000
"2583",building,20.000000000000000
"2584",building,6.000000000000000
"2585",building,37.000000000000000
"2586",building,20.000000000000000
"2587",building,9.000000000000000
"2588",building,20.000000000000000
"2589",building,30.000000000000000
"2590",building,33.000000000000000
"2591",building,48.000000000000000
"2592",building,51.000000000000000
"2593",building,57.000000000000000
"2594",building,29.000000000000000
"2595",building,27.000000000000000
"2596",building,25.000000000000000
"2597",building,12.000000000000000
"2598",building,18.000000000000000
"2599",building,19.000000000000000
"2600",building,13.000000000000000
"2601",building,6.000000000000000
"2602",building,20.000000000000000
"2603",building,5.000000000000000
"2604",building,21.000000000000000
"2605",building,26.000000000000000
"2606",building,16.000000000000000
"2607",building,26.000000000000000
"2608",building,12.000000000000000
"2609",building,19.000000000000000
"2610",building,8.000000000000000
"2611",building,21.000000000000000
"2612",building,5.000000000000000
"2613",building,5.000000000000000
"2614",building,15.000000000000000
"2615",building,18.000000000000000
"2616",building,15.000000000000000
"2617",building,12.000000000000000
"2618",building,11.000000000000000
"2619",building,20.000000000000000
"2620",building,40.000000000000000
"2621",building,19.000000000000000
"2622",building,35.000000000000000
"2623",building,17.000000000000000
"2624",building,3.000000000000000
"2625",building,4.000000000000000
"2626",building,3.000000000000000
"2627",building,17.000000000000000
"2628",building,17.000000000000000
"2629",building,11.000000000000000
"2630",building,32.000000000000000
"2631",building,29.000000000000000
"2632",building,25.000000000000000
"2633",building,16.000000000000000
"2634",building,3.000000000000000
"2635",building,24.000000000000000
"2636",building,12.000000000000000
"2637",building,18.000000000000000
"2638",building,23.000000000000000
"2639",building,29.000000000000000
"2640",building,3.000000000000000
"2641",building,32.000000000000000
"2642",building,16.000000000000000
"2643",building,21.000000000000000
"2644",building,22.000000000000000
"2645",building,20.000000000000000
"2646",building,28.000000000000000
"2647",building,16.000000000000000
"2648",building,4.000000000000000
"2649",building,8.000000000000000
"2650",building,31.000000000000000
"2651",building,19.000000000000000
"2652",building,5.000000000000000
"2653",building,22.000000000000000
"2654",building,18.000000000000000
"2655",building,7.000000000000000
"2656",building,21.000000000000000
"2657",building,18.000000000000000
"2658",building,31.000000000000000
"2659",building,38.000000000000000
"2660",building,13.000000000000000
"2661",building,9.000000000000000
"2662",building,40.000000000000000
"2663",building,4.000000000000000
"2664",building,19.000000000000000
"2665",building,4.000000000000000
"2666",building,9.000000000000000
"2667",building,6.000000000000000
"2668",building,5.000000000000000
"2669",building,4.000000000000000
"2670",building,4.000000000000000
"2671",building,5.000000000000000
"2672",building,16.000000000000000
"2673",building,14.000000000000000
"2674",building,12.000000000000000
"2675",building,21.000000000000000
"2676",building,11.000000000000000
"2677",building,25.000000000000000
"2678",building,22.000000000000000
"2679",building,20.000000000000000
"2680",building,4.000000000000000
"2681",building,17.000000000000000
"2682",obstacle,7.000000000000000
